{"cameraMode":{"drawMode":0,"name":"Shaded","section":"Shading Mode"},"sceneLighting":false,"audioPlay":false,"sceneViewState":{"showFog":true,"showMaterialUpdate":false,"showSkybox":false,"showFlares":true,"showImageEffects":true,"showParticleSystems":true},"in2DMode":false,"pivot":{"x":0.00028884410858154297,"y":0.7876560688018799,"z":0.0},"rotation":{"x":-0.06362976133823395,"y":0.9363701939582825,"z":-0.24439775943756104,"w":-0.24378693103790284},"size":1.0380196571350098,"orthographic":false}